,num_accelerators,median_runtime,min_runtime,max_runtime,25th_pct_runtime,75th_pct_runtime
0,100.0,32.48231554031372,31.98428702354431,33.65463709831238,32.43449580669403,32.88474154472351
