,num_accelerators,median_runtime,min_runtime,max_runtime,25th_pct_runtime,75th_pct_runtime
0,160.0,54.97187685966492,54.42866611480713,57.227120876312256,54.56599009037018,56.564439952373505
