,num_accelerators,median_runtime,min_runtime,max_runtime,25th_pct_runtime,75th_pct_runtime
0,140.0,41.40122902393341,41.05417799949646,43.00958704948425,41.20782673358917,42.03988581895828
