,num_accelerators,median_runtime,min_runtime,max_runtime,25th_pct_runtime,75th_pct_runtime
0,240.0,146.67525255680084,141.2402880191803,148.513286113739,146.4084889292717,147.19601780176163
