,num_accelerators,median_runtime,min_runtime,max_runtime,25th_pct_runtime,75th_pct_runtime
0,200.0,99.14786565303802,96.72765898704529,102.06493711471558,98.18198871612549,100.47161620855331
