Model,Platform,Trials,Batch size,50th pct,90th pct,Average,Min,Max
yolov5n,PyTorch,100,1,0.045140981674194336,0.04781293869018555,0.04532156705856323,0.04172492027282715,0.05450916290283203
yolov5n,PyTorch,100,2,0.08588433265686035,0.08759093284606934,0.08605134725570679,0.08393716812133789,0.09404897689819336
